{
  "olmoe": {
    "batch_sweep": {
      "1": {
        "sglang_int4": 1.0643570001320768,
        "exq_int4": 1.4025909999872965,
        "delta_pct": -31.778247318639146,
        "sglang_ci95": 0.0033987664914091544,
        "exq_ci95": 0.005710066304330883
      },
      "2": {
        "sglang_int4": 1.8847199999072473,
        "exq_int4": 1.6163650000180496,
        "delta_pct": 14.238454513264792,
        "sglang_ci95": 0.003921827346752969,
        "exq_ci95": 0.008013530193088689
      },
      "4": {
        "sglang_int4": 1.9637210000382765,
        "exq_int4": 1.7406179999852611,
        "delta_pct": 11.361237163969156,
        "sglang_ci95": 0.004638963466546616,
        "exq_ci95": 0.006140147006160671
      },
      "8": {
        "sglang_int4": 1.9784910000453237,
        "exq_int4": 1.8646590001480945,
        "delta_pct": 5.753475749681022,
        "sglang_ci95": 0.004906677494924061,
        "exq_ci95": 0.0074862448055993845
      }
    }
  },
  "qwen3": {
    "batch_sweep": {
      "1": {
        "sglang_int4": 1.7630570000619628,
        "exq_int4": 2.0811829999729525,
        "delta_pct": -18.04399970618132,
        "sglang_ci95": 0.006182007399785572,
        "exq_ci95": 0.007410224750117104
      },
      "2": {
        "sglang_int4": 1.7864279998320853,
        "exq_int4": 2.2071640000831394,
        "delta_pct": -23.551802831717875,
        "sglang_ci95": 0.004051596736068271,
        "exq_ci95": 0.005890176702612034
      },
      "4": {
        "sglang_int4": 2.862215000050128,
        "exq_int4": 2.465559000029316,
        "delta_pct": 13.85835795053359,
        "sglang_ci95": 0.00468818251757198,
        "exq_ci95": 0.00531653614722262
      },
      "8": {
        "sglang_int4": 2.9299760001322284,
        "exq_int4": 3.062906999957704,
        "delta_pct": -4.536931354368658,
        "sglang_ci95": 0.004627309198033631,
        "exq_ci95": 0.006836646461508371
      }
    }
  }
}