{
  "olmoe": {
    "batch_sweep": {
      "1": {
        "sglang_int4": 2.1047230000021955,
        "exq_int4": 1.3893219999090434,
        "delta_pct": 33.990268557544425
      },
      "2": {
        "sglang_int4": 2.382186999966507,
        "exq_int4": 1.6018360000771281,
        "delta_pct": 32.75775578912782
      },
      "4": {
        "sglang_int4": 2.4683189999450406,
        "exq_int4": 1.6743360000646135,
        "delta_pct": 32.16695248458995
      },
      "8": {
        "sglang_int4": 2.49302899999293,
        "exq_int4": 1.8536690000701128,
        "delta_pct": 25.645911055372018
      }
    }
  },
  "qwen3": {
    "batch_sweep": {
      "1": {
        "sglang_int4": 3.3381129999270343,
        "exq_int4": 2.035171999978047,
        "delta_pct": 39.03226163935935
      },
      "2": {
        "sglang_int4": 3.3718629999839322,
        "exq_int4": 2.2281450000036784,
        "delta_pct": 33.91946825792459
      },
      "4": {
        "sglang_int4": 3.66586699999516,
        "exq_int4": 2.4671590000480137,
        "delta_pct": 32.69916775345993
      },
      "8": {
        "sglang_int4": 3.770460000055209,
        "exq_int4": 3.090338999982123,
        "delta_pct": 18.03814388862705
      }
    }
  }
}