{
  "olmoe": {
    "batch_sweep": {
      "1": {
        "sglang_int4": 1.0535769997659372,
        "exq_int4": 1.146668000274076,
        "delta_pct": -8.835709257967835
      },
      "2": {
        "sglang_int4": 1.9352409999555675,
        "exq_int4": 1.291641000079835,
        "delta_pct": 33.25683984012892
      },
      "4": {
        "sglang_int4": 1.944221000030666,
        "exq_int4": 1.3624610000988469,
        "delta_pct": 29.92252423580668
      },
      "8": {
        "sglang_int4": 1.9661910000650096,
        "exq_int4": 1.5137240002331964,
        "delta_pct": 23.01236247225488
      }
    }
  },
  "qwen3": {
    "batch_sweep": {
      "1": {
        "sglang_int4": 1.7533380000713805,
        "exq_int4": 1.7611769999348326,
        "delta_pct": -0.44709005697320825
      },
      "2": {
        "sglang_int4": 1.7817680000007385,
        "exq_int4": 1.8895700000030047,
        "delta_pct": -6.050282640737821
      },
      "4": {
        "sglang_int4": 2.8538749998006097,
        "exq_int4": 2.155994000077044,
        "delta_pct": 24.45380403039111
      },
      "8": {
        "sglang_int4": 2.919006000411173,
        "exq_int4": 2.704073000131757,
        "delta_pct": 7.363225709338736
      }
    }
  }
}