{
  "olmoe": {
    "model": "OLMoE-1B-7B",
    "batch_sweep": {
      "32_warm": {
        "sglang": 0.8275730001514603,
        "exq": 0.9632749997763312,
        "delta_pct": -16.39758662982421,
        "cache": "warm"
      },
      "32_cold": {
        "sglang": 0.8299730002363503,
        "exq": 0.9596649997547502,
        "delta_pct": -15.626050423503848,
        "cache": "cold"
      },
      "64_warm": {
        "sglang": 1.1990980001428397,
        "exq": 1.3183099999878323,
        "delta_pct": -9.941806243592408,
        "cache": "warm"
      },
      "64_cold": {
        "sglang": 1.198809000015899,
        "exq": 1.3094009996166278,
        "delta_pct": -9.225155933869535,
        "cache": "cold"
      },
      "128_warm": {
        "sglang": 1.916969999911089,
        "exq": 1.3447710002765234,
        "delta_pct": 29.849136901521916,
        "cache": "warm"
      },
      "128_cold": {
        "sglang": 1.9202100002075895,
        "exq": 1.3432810001177131,
        "delta_pct": 30.045099235370397,
        "cache": "cold"
      },
      "256_warm": {
        "sglang": 1.945040999999037,
        "exq": 1.4244929998312728,
        "delta_pct": 26.76282917265096,
        "cache": "warm"
      },
      "256_cold": {
        "sglang": 1.9475109997983964,
        "exq": 1.423522000095545,
        "delta_pct": 26.905573306497054,
        "cache": "cold"
      },
      "512_warm": {
        "sglang": 1.977951000299072,
        "exq": 1.570975000049657,
        "delta_pct": 20.575636109685174,
        "cache": "warm"
      },
      "512_cold": {
        "sglang": 1.9682100000864011,
        "exq": 1.5726649999123765,
        "delta_pct": 20.0966868452381,
        "cache": "cold"
      }
    }
  },
  "qwen3": {
    "model": "Qwen3-30B-A3B",
    "batch_sweep": {
      "32_warm": {
        "sglang": 1.5918650001367496,
        "exq": 1.5923649998512701,
        "delta_pct": -0.03140968075041379,
        "cache": "warm"
      },
      "32_cold": {
        "sglang": 1.5883450000728772,
        "exq": 1.5950639999573468,
        "delta_pct": -0.42301892121430695,
        "cache": "cold"
      },
      "64_warm": {
        "sglang": 1.728657000057865,
        "exq": 1.7575069996382808,
        "delta_pct": -1.668925621418834,
        "cache": "warm"
      },
      "64_cold": {
        "sglang": 1.7196170001625433,
        "exq": 1.7540169997118937,
        "delta_pct": -2.0004454216316123,
        "cache": "cold"
      },
      "128_warm": {
        "sglang": 1.7843779996837839,
        "exq": 1.8935090001832577,
        "delta_pct": -6.11591268883686,
        "cache": "warm"
      },
      "128_cold": {
        "sglang": 1.7808480001804128,
        "exq": 1.895899999908579,
        "delta_pct": -6.460517670037571,
        "cache": "cold"
      },
      "256_warm": {
        "sglang": 2.860043999589834,
        "exq": 2.156153999749222,
        "delta_pct": 24.611159826266967,
        "cache": "warm"
      },
      "256_cold": {
        "sglang": 2.867615000013757,
        "exq": 2.1504729998014227,
        "delta_pct": 25.008308305295294,
        "cache": "cold"
      },
      "512_warm": {
        "sglang": 2.932416000021476,
        "exq": 2.7014319998670544,
        "delta_pct": 7.876917877706642,
        "cache": "warm"
      },
      "512_cold": {
        "sglang": 2.9305059997568605,
        "exq": 2.7040820000365784,
        "delta_pct": 7.726447232630412,
        "cache": "cold"
      }
    }
  }
}